,FFNN,ARIMA,LSTM,length,kurtosis,energy,variance
Serie 7,-1,-1,0.0024161862675100565,144,-0.24797197819489636,35.527638150770514,0.029798231061131948
Serie 8,-1,-1,0.006434486713260412,134,5.103097177500301,16.17452226109576,0.01302598935430734
Serie 9,-1,-1,1.5072490896272939e-05,141,1.4788515518401186,19.94270741959334,0.0319149067413702
Serie 10,,,,,,,
Serie 11,,,,,,,
Serie 12,,,,,,,
